[{"id":"100","nombre":"Clarkaaa","apellido":"Kent","alias":"Superman","edad":"29","lado":"heroe","active":false,"created_dttm":"10/9/2018, 7:44:43 AM"},{"id":"101","nombre":"Oswald","apellido":"Cobblepot","alias":"Pinguino","edad":"12","lado":"heroe","active":false,"created_dttm":"10/9/2018, 7:46:38 AM"},{"id":123,"nombre":"asdasd","apellido":"asdasdasd","alias":"asdasdasd","edad":"123","lado":"heroe","active":false,"created_dttm":"2018-11-20 22:04:12"},{"id":"2","nombre":"asdasdasd","apellido":"asdasdasdeeeee","alias":"asdasdasdas","edad":"123123","lado":"heroe","active":false,"created_dttm":"2018-11-20 22:09:28"},{"id":"3","nombre":"asdasdasdaa","apellido":"adasdasdas","alias":"adsasdasd","edad":"123","lado":"heroe","editorial":"otro","active":"true","created_dttm":"2018-11-27 16:40:09"},{"id":"4","nombre":"sdasdasdas","apellido":"asdasdasdeeeeea","alias":"asdasdasdasd","edad":"123123","lado":"heroe","active":"true","created_dttm":"2018-11-27 19:31:31"},{"id":5,"nombre":"asdasdasdaaas","apellido":"asdasdasdas","alias":"asdasd","edad":"123","lado":"villano","editorial":"dc","active":"true","created_dttm":"2018-11-27 19:40:12"}]