[{"id":100,"nombre":"Clark","apellido":"Kent","alias":"Superman","edad":29,"lado":"Heroe","active":"true","created_dttm":"10/9/2018, 7:44:43 AM"},{"id":101,"nombre":"Oswald","apellido":"Cobblepot","alias":"Pinguino","edad":48,"lado":"Villano","active":"true","created_dttm":"10/9/2018, 7:46:38 AM"},"{\"id\":null,\"nombre\":\"Test\",\"apellido\":\"Test\",\"alias\":\"Test\",\"edad\":\"123\",\"lado\":\"Heroe\"}","{\"id\":null,\"nombre\":\"Test\",\"apellido\":\"Test\",\"alias\":\"Test\",\"edad\":\"123\",\"lado\":\"Heroe\"}","{\"id\":null,\"nombre\":\"Testa\",\"apellido\":\"Test\",\"alias\":\"Test\",\"edad\":\"123\",\"lado\":\"Heroe\"}","{\"id\":null,\"nombre\":\"Test\",\"apellido\":\"Test\",\"alias\":\"Test\",\"edad\":\"123\",\"lado\":\"Heroe\"}","{\"id\":null,\"nombre\":\"Test123\",\"apellido\":\"Test\",\"alias\":\"Test\",\"edad\":\"123\",\"lado\":\"Heroe\"}","{\"id\":null,\"nombre\":\"Test\",\"apellido\":\"Test\",\"alias\":\"Test\",\"edad\":\"123\",\"lado\":\"Heroe\"}"]